ds,yhat,yhat_lower,yhat_upper,product_id,warehouse_id
2024-01-01,62.952147303894,47.09901243902886,78.42729763312771,1,1
2024-01-02,69.78672000952078,54.4127375935089,84.60135650271322,1,1
2024-01-03,68.42960532548861,53.93250458018991,84.59873099026332,1,1
2024-01-04,65.96392993474105,50.501632686200665,81.80142990800074,1,1
2024-01-05,58.56969707952509,43.61838670092477,73.10949282334317,1,1
2024-01-06,56.9394378895347,42.16905985374995,73.49870930946392,1,1
2024-01-07,56.22538651483113,40.87201378988356,71.62911529673333,1,1
2024-01-08,65.34184311459651,50.73758752132381,80.61519143396094,1,1
2024-01-09,72.46449236115579,55.87296718932084,87.32052143141941,1,1
2024-01-10,71.3825911175585,56.19943180113882,86.85710206157235,1,1
2024-01-11,69.17534077846472,54.065730745208874,85.13439868813722,1,1
2024-01-12,62.0192149314654,47.16525491843082,77.61776160569268,1,1
2024-01-13,60.60365662296902,44.40594367169359,75.58683481401773,1,1
2024-01-14,60.07828894446935,44.53494894898137,75.00877952916608,1,1
2024-01-15,69.35530269632267,53.94690090109583,84.80110154050959,1,1
2024-01-16,76.60878875694462,60.787682331938385,90.56166832436718,1,1
2024-01-17,75.6269290399095,60.181193833643626,90.71548892214658,1,1
2024-01-18,73.48836199176216,58.81312855054517,88.79283086588873,1,1
2024-01-19,66.36949397005141,50.39111968352342,82.40451683817686,1,1
2024-01-20,64.96017166055259,48.45645258887508,79.9746806511225,1,1
2024-01-21,64.41086029049868,49.32362636317794,78.61156188181718,1,1
2024-01-22,73.63499254203596,58.514734754931254,87.7469438742459,1,1
2024-01-23,80.80825708900396,64.31471352386505,96.76647339982917,1,1
2024-01-24,79.72074191518345,64.18763207838607,93.46565677733336,1,1
2024-01-25,77.45324971558124,61.231061205212995,92.69229263772283,1,1
2024-01-26,70.18455802757357,54.6703149178718,86.32787401787766,1,1
2024-01-27,68.60704050664913,52.702839207253156,84.32708012062778,1,1
2024-01-28,67.87379527070732,52.49873348270172,83.55279101179049,1,1
2024-01-29,76.90094629074935,62.81538946275662,92.26093789908067,1,1
2024-01-30,83.86688763185467,68.85642265519535,99.35878731723608,1,1
2024-01-31,82.5643864989183,67.21245407377063,97.71587504534217,1,1
2024-02-01,80.07686296073747,64.6611500061538,94.41333104352697,1,1
2024-02-02,72.58561941279284,57.84567399200868,87.30324133715551,1,1
2024-02-03,70.78543642518164,55.18801143118239,86.0871049402322,1,1
2024-02-04,69.83168095191634,53.248754920527794,85.41536655699242,1,1
2024-02-05,78.6425927661496,62.551697409862854,93.67561846855686,1,1
2024-02-06,85.3985186552291,70.15818129303938,100.66293242397572,1,1
2024-02-07,83.89400992611505,68.08528210067352,98.99228303041434,1,1
2024-02-08,81.21410057762543,66.61083737095932,96.06782855072659,1,1
2024-02-09,73.54153857530729,57.40975410220656,88.00285490060388,1,1
2024-02-10,71.57238623492317,55.792637498396545,86.92355526583115,1,1
2024-02-11,70.46313495158235,55.27530020560283,86.2138097029847,1,1
2024-02-12,79.13299943935235,63.66818629011636,93.90147102524942,1,1
2024-02-13,85.76316031756994,71.9108017365966,102.13106761043386,1,1
2024-02-14,84.14886994361862,67.61298297421668,99.41637853568618,1,1
2024-02-15,81.37573826424313,65.4456256056649,95.44041127476255,1,1
2024-02-16,73.62697064346638,57.675680370630104,88.19122853973622,1,1
2024-02-17,71.59897325233645,56.74155565829076,86.47138367353149,1,1
2024-02-18,70.44847101738152,55.45331300120813,86.09278265884673,1,1
2024-02-19,79.09480312828458,62.841435798068645,93.45692387675321,1,1
2024-02-20,85.71916492293711,70.38196390428698,101.45133159463236,1,1
2024-02-21,84.11671115328849,68.32672904849917,99.50969329170763,1,1
2024-02-22,81.37283762545786,65.5169370936144,97.65111450108145,1,1
2024-02-23,73.67041350224119,57.29844210774285,89.88534401893456,1,1
2024-02-24,71.70538027445484,56.9499836266168,87.20214419869939,1,1
2024-02-25,70.63386289510096,55.16886957475841,85.6118528016549,1,1
2024-02-26,79.37445862701836,63.988524583023825,94.55958666720821,1,1
2024-02-27,86.10747300567786,70.95658695741632,101.13263878478642,1,1
2024-02-28,84.62701849786615,70.39955961466102,99.99000938335243,1,1
2024-02-29,82.01729344385976,65.9425319606926,97.68945848145239,1,1
2024-03-01,74.45981407899644,59.4280954451468,90.06639088974913,1,1
2024-03-02,72.6490161196956,58.95688924880496,88.11118550982636,1,1
2024-03-03,71.73937178968367,56.22120706766211,87.70463274026851,1,1
2024-03-04,80.64768812008023,64.4166222275236,96.53043388170911,1,1
2024-03-05,87.55235609022395,73.06224262657096,104.2206128384848,1,1
2024-03-06,86.24546624472788,71.46765438729746,101.34509292817182,1,1
2024-03-07,83.80910826230219,67.92008777181958,98.18417177970554,1,1
2024-03-08,76.42262707428955,61.69816643123293,91.69761559519036,1,1
2024-03-09,74.77825165684143,58.51281675270924,90.40624797867635,1,1
2024-03-10,74.02824190128109,58.87182766268527,88.78757894525666,1,1
2024-03-11,83.0872188153787,67.41093438394631,99.47355197682288,1,1
2024-03-12,90.13144694552197,74.55637358033327,105.32473604784553,1,1
2024-03-13,88.95098390474354,73.64714115349061,103.8416126056621,1,1
2024-03-14,86.62601367792377,71.8277092105167,102.5140554440699,1,1
2024-03-15,79.33413547011043,64.33889097329279,93.10200614077431,1,1
2024-03-16,77.766023385842,62.214501834013774,93.73976548303001,1,1
2024-03-17,77.07260152317312,61.610596704927524,92.27789875887065,1,1
2024-03-18,86.16739901263259,70.40812832193933,101.76389168341915,1,1
2024-03-19,93.2258531164745,76.67039292624747,108.60452214688074,1,1
2024-03-20,92.03747476055099,76.89502233720425,107.99168727901548,1,1
2024-03-21,89.68219264980402,73.87926439165852,103.94498688613508,1,1
2024-03-22,82.33764739234277,66.39378951676404,98.06318144729602,1,1
2024-03-23,80.69485071737986,65.22295625407631,95.99501419891506,1,1
2024-03-24,79.90535432841897,65.273377712248,96.35468831527633,1,1
2024-03-25,88.8835929858161,75.29558292965966,104.05233473207106,1,1
2024-03-26,95.8061702785427,80.86497203331362,112.16239492080217,1,1
2024-03-27,94.46400178362973,78.93758715219646,109.52682361629513,1,1
2024-03-28,91.93863235349275,76.58044239416229,106.70599675282743,1,1
2024-03-29,84.40949961863123,69.26617838329582,99.35207344712005,1,1
2024-03-30,82.56955956494387,67.19088099090777,98.62580797304994,1,1
2024-03-31,81.57241958287182,66.44065972579743,97.14355591794813,1,1
2024-04-01,90.33464449320849,75.28560991584052,105.01167313926399,1,1
2024-04-02,97.03500495035495,81.48743344582614,112.1960805271285,1,1
2024-04-03,95.46658386216406,80.0452981107629,110.62206547589666,1,1
2024-04-04,92.71305847877272,77.09248565869363,108.09834646026592,1,1
2024-04-05,84.95593109957734,69.35183803584333,100.45956447269467,1,1
2024-04-06,82.89012502676337,67.99710122425576,98.28554983320815,1,1
2024-04-07,81.67109184059103,66.34425906945368,98.08915364074672,1,1
2024-04-08,90.21709604308467,74.39074466706631,105.56205115143973,1,1
2024-04-09,96.70844687474296,81.51634249249136,112.55255251339382,1,1
2024-04-10,94.93959319156538,78.24490717481726,109.25072009194089,1,1
2024-04-11,91.9953991424035,75.97688230893444,106.66368227794011,1,1
2024-04-12,84.05837351442194,68.13470239494713,98.95781351570781,1,1
2024-04-13,81.82426914292758,66.71701731463227,96.7231891546518,1,1
2024-04-14,80.4491980624594,64.59882820338909,95.42790722385448,1,1
2024-04-15,88.85192791749415,74.64011652627487,104.5518373263963,1,1
2024-04-16,95.21312878262114,79.2537357530054,109.17802674285177,1,1
2024-04-17,93.32748552673196,78.14018191338413,108.58704786058964,1,1
2024-04-18,90.27999263157238,74.75688847617265,105.02548890370234,1,1
2024-04-19,82.25320345804123,65.85345972531086,97.94031642689886,1,1
2024-04-20,79.9428494636617,63.42459520861891,94.52031340381104,1,1
2024-04-21,78.50497417021845,62.95894068040648,94.06583132739948,1,1
2024-04-22,86.85824656478444,70.13369647360993,102.26544762855708,1,1
2024-04-23,93.18322232343027,77.61083929129455,108.79420453517847,1,1
2024-04-24,91.27446733777627,75.67595048152292,106.9911844838798,1,1
2024-04-25,88.2168599106806,73.60917137085094,103.71861628913474,1,1
2024-04-26,80.19284323854076,65.09939567922834,95.24484863176882,1,1
2024-04-27,77.89804345428732,61.86052700988002,92.93908651531498,1,1
2024-04-28,76.48839798048067,60.872174335508014,92.05202127783704,1,1
2024-04-29,84.88245900568242,68.39190886583293,100.04548613944272,1,1
2024-04-30,91.26064078304478,75.66387852314276,107.43888629338028,1,1
2024-05-01,89.41732570707853,73.44304163702708,104.59633161897796,1,1
2024-05-02,86.43714618992763,71.34564088142086,102.64998837653326,1,1
2024-05-03,78.50221472932951,63.39983721621679,92.8055848739946,1,1
2024-05-04,76.3077183560492,61.6825828386262,91.63587464228569,1,1
2024-05-05,75.00902321005336,59.72212217854936,89.9852736510483,1,1
2024-05-06,83.52395512283555,67.03404296071402,99.3744270196183,1,1
2024-05-07,90.03202599741199,74.84419346421119,105.58464961136819,1,1
2024-05-08,88.32652202799919,70.98244682497474,101.8351721167211,1,1
2024-05-09,85.49077182244072,70.20139341026716,99.90399603206764,1,1
2024-05-10,77.70536778222171,62.14847447088403,92.65293545471305,1,1
2024-05-11,75.6637577741298,60.46439562811686,90.30849672288059,1,1
2024-05-12,74.51935354593176,59.38610658104491,88.9299252386045,1,1
2024-05-13,83.18782228109906,67.51274610248895,97.75243105787615,1,1
2024-05-14,89.84633141322688,73.32815830533863,106.1617444461127,1,1
2024-05-15,88.28566284268105,73.04521068197255,104.14814505579419,1,1
2024-05-16,85.58651449088002,70.16687556883234,99.71823353415145,1,1
2024-05-17,77.92676217893867,62.66552851749991,92.56594766972675,1,1
2024-05-18,75.99709826115688,60.6948491939862,91.59062101513531,1,1
2024-05-19,74.94819262638391,60.18653401641876,91.56084047241777,1,1
2024-05-20,83.69304141915538,68.5734789213635,100.49191389677132,1,1
2024-05-21,90.40627235097632,75.9727813091333,106.90558180702793,1,1
2024-05-22,88.87632133911566,73.38877606954229,104.2483573382877,1,1
2024-05-23,86.18179686717306,71.50265529905853,100.6057200955543,1,1
2024-05-24,78.49880342229531,62.20768193978048,93.90982979405386,1,1
2024-05-25,76.51663875587535,60.10346033993905,91.83879384756825,1,1
2024-05-26,75.38500889390527,60.14789016657567,91.10683299817094,1,1
2024-05-27,84.01642460282821,67.09481527939597,98.34731632390708,1,1
2024-05-28,90.58554662485261,76.12390425528892,106.73371753814216,1,1
2024-05-29,88.8813929980209,74.34152404938159,104.4662319270835,1,1
2024-05-30,85.98372360892083,69.32905990880961,102.45012279301922,1,1
2024-05-31,78.07037232546544,63.67198441801661,94.55011201398202,1,1
2024-06-01,75.83294064840231,59.8489441527574,90.02156534209142,1,1
2024-06-02,74.42399635445152,59.69929589684686,89.83287399944916,1,1
2024-06-03,82.75944063307314,67.02405634743403,97.27227080302447,1,1
2024-06-04,89.01781116759084,72.92531987772453,105.24263664898851,1,1
2024-06-05,86.99243493419173,71.2355376429037,102.76368211286017,1,1
2024-06-06,83.7677466512057,70.04590634417004,99.64684346570368,1,1
2024-06-07,75.52654430026085,59.79675063087428,91.13324632894398,1,1
2024-06-08,72.9655970800927,58.11261045906886,88.12596851050996,1,1
2024-06-09,71.24275087935514,55.25585458258661,87.8496040476296,1,1
2024-06-10,79.27919666833148,63.71167431458486,94.31283908864049,1,1
2024-06-11,85.25867132514654,69.55231892514591,101.29633452396837,1,1
2024-06-12,82.9795068784636,67.0671017410518,98.46199110955136,1,1
2024-06-13,79.53084639583156,64.35350807482233,95.19876736827996,1,1
2024-06-14,71.09980027002412,56.29595978085082,87.21510987709549,1,1
2024-06-15,68.38696056948149,53.29518746690039,83.36780610710218,1,1
2024-06-16,66.55342076421246,51.75232187280996,81.87793069085002,1,1
2024-06-17,74.5229683129332,58.42694231268118,89.13390907962676,1,1
2024-06-18,80.48122152289397,66.39630316508533,96.3102042937185,1,1
2024-06-19,78.22762831259286,63.16250816797755,93.32248914714347,1,1
2024-06-20,74.85164648271045,59.41845541489126,90.05624331643222,1,1
2024-06-21,66.5398802829415,52.11785758971118,81.69729767129542,1,1
2024-06-22,63.99159163546901,48.433968362925796,78.553957746996,1,1
2024-06-23,62.365733641654,46.81850534247064,77.07318076528463,1,1
2024-06-24,70.58317378679385,55.677549792051245,85.86940895457141,1,1
2024-06-25,76.82587779243067,62.15910114621325,91.8858079645987,1,1
2024-06-26,74.88897090869146,58.53529456788247,90.9894504464417,1,1
2024-06-27,71.85699503343541,55.31195418926503,87.00125859367127,1,1
2024-06-28,63.91113490676261,45.997696069646985,78.93345600379241,1,1
2024-06-29,61.74482988295831,45.764721070203414,78.04142752920795,1,1
2024-06-30,60.51091679066107,45.80175888513872,74.48460098207649,1,1
2024-07-01,69.12396896576749,53.866928554758196,83.459667988258,1,1
2024-07-02,75.75959991680212,60.935766367332086,90.49639862861649,1,1
2024-07-03,74.2066458257908,58.75041812952237,90.50753155768629,1,1
2024-07-04,71.54354264271515,56.57535152211567,86.30707229776299,1,1
2024-07-05,63.94566841774147,48.9566601955332,79.12861761383162,1,1
2024-07-06,62.101064848661956,47.56174541624941,78.07398848892963,1,1
2024-07-07,61.157681213183494,46.128586155906326,75.64154138406501,1,1
2024-07-08,70.02580353793911,55.08775923884151,85.26952559488552,1,1
2024-07-09,76.87743561113012,61.63045882320027,91.45224491395771,1,1
2024-07-10,75.49854439356758,60.84726670211534,91.69327769254828,1,1
2024-07-11,72.96548431261886,58.950770117861474,89.66726095779434,1,1
2024-07-12,65.45237016879886,50.41602556089966,80.90809800245398,1,1
2024-07-13,63.64681211112855,47.9236661259666,78.99430033005278,1,1
2024-07-14,62.69715568705556,47.72411256477782,78.35415772423823,1,1
2024-07-15,71.51489014785062,55.21159463078621,86.3982608962035,1,1
2024-07-16,78.27399220617917,62.83584699217942,94.45480922165062,1,1
2024-07-17,76.76311885419523,61.072476007377,91.8970939633113,1,1
2024-07-18,74.0619650848401,58.37551806451913,89.56184117297033,1,1
2024-07-19,66.34855791439304,51.40524526578369,81.73136240985173,1,1
2024-07-20,64.31490209415088,49.37797300034344,80.60064973730852,1,1
2024-07-21,63.114122661211844,48.51388723718276,78.79472519548023,1,1
2024-07-22,71.6627698123058,57.21423162595245,86.84906596414196,1,1
2024-07-23,78.14005570165324,63.13436725773878,93.98033757218246,1,1
2024-07-24,76.33993921752158,59.91347050416623,91.42067102201734,1,1
2024-07-25,73.34737700899359,58.22906016289634,89.02575848725142,1,1
2024-07-26,65.34551451266665,50.23634508053681,81.0855862654295,1,1
2024-07-27,63.03123458919337,47.383099987271514,77.20755979931808,1,1
2024-07-28,61.562210955476424,46.40071732355997,76.52385928457423,1,1
2024-07-29,69.85913370352061,53.50681535139415,84.72604934555315,1,1
2024-07-30,76.1048780448612,60.55865059140475,91.28560806278013,1,1
2024-07-31,74.09653357030561,59.41221189024365,89.27068060200328,1,1
2024-08-01,70.92161320496105,55.39178948816425,87.44548190103032,1,1
2024-08-02,62.76521617679019,47.299367697394715,77.29156960912407,1,1
2024-08-03,60.325562824983,45.94752248657616,75.70433009029011,1,1
2024-08-04,58.761048308512486,42.792172001076125,73.69609077445116,1,1
2024-08-05,66.99248204244576,53.323412384919116,82.68602840965544,1,1
2024-08-06,73.20228322290005,57.76670565969288,88.11437681869768,1,1
2024-08-07,71.18654866405892,55.93723213610201,86.97913927798042,1,1
2024-08-08,68.0313108056246,52.0531727838007,83.93221018967857,1,1
2024-08-09,59.91975867332958,45.141004931045394,75.31755433021802,1,1
2024-08-10,57.54783791177508,42.450872226892685,71.94654192472059,1,1
2024-08-11,56.07137512055425,40.92532828869561,72.25545270142801,1,1
2024-08-12,64.40839141843134,49.36788741050992,80.19048329730545,1,1
2024-08-13,70.73837368527111,55.364008769458,85.83124741637106,1,1
2024-08-14,68.85441773506254,52.7463414751204,84.05357615276355,1,1
2024-08-15,65.83955959772122,50.97913458305812,81.36451138709464,1,1
2024-08-16,57.874065844172655,41.70916528914101,73.61569726754878,1,1
2024-08-17,55.65109760055938,39.85863665865173,71.22494725891227,1,1
2024-08-18,54.32389211715645,39.40536794960991,70.23037943381925,1,1
2024-08-19,62.808125687767955,47.95138819226004,77.4041710785567,1,1
2024-08-20,69.28122547225695,52.99121945768827,84.75236975748047,1,1
2024-08-21,67.53454392185807,52.976932589465584,81.9111446965405,1,1
2024-08-22,64.64971148601752,49.29967037662572,80.18052123701592,1,1
2024-08-23,56.80593858629119,41.27429095084143,71.22271248593292,1,1
2024-08-24,54.69568160136008,39.14862458816844,69.03158336106205,1,1
2024-08-25,53.47181715616527,37.7378252260786,68.60989089760442,1,1
2024-08-26,62.04998915054409,47.08242687220345,77.45992928098548,1,1
2024-08-27,68.60789691742727,52.87367396934336,82.97288584641477,1,1
2024-08-28,66.93743921715267,50.662402906882846,83.49738413906299,1,1
2024-08-29,64.12103088700238,48.23464066174056,79.51438281376736,1,1
2024-08-30,56.338864371287926,41.14719250996579,71.6825012473768,1,1
2024-08-31,54.28453217510568,39.35585386355364,69.96584222661107,1,1
2024-09-01,53.112155850873435,38.2535855635646,67.95135078969764,1,1
2024-09-02,61.738687266882415,45.91214258100545,76.94780338020176,1,1
2024-09-03,68.34315179136964,53.12446741757593,83.24659853070956,1,1
2024-09-04,66.71874927216612,51.17096128422357,82.58405301381482,1,1
2024-09-05,63.94913068515813,47.85527256105536,78.93608416814615,1,1
2024-09-06,56.21562359407142,40.994573288686716,71.72742910312934,1,1
2024-09-07,54.21282322365161,38.38253732538233,68.7400883973009,1,1
2024-09-08,53.09569534744196,37.93005863758076,67.64159081500921,1,1
2024-09-09,61.78185713810498,47.57637823160574,75.72117727297152,1,1
2024-09-10,68.45080584712038,53.65808696586207,83.2412255976513,1,1
2024-09-11,66.89601123465778,51.29369971076672,82.44980450559576,1,1
2024-09-12,64.20118949582205,49.71166615440312,79.7959004550135,1,1
2024-09-13,56.54753154013168,41.76750814973324,71.29622924252854,1,1
2024-09-14,54.62930199945775,39.82014626430297,69.98056913730473,1,1
2024-09-15,53.600954617717214,37.71161352192704,70.70036134838331,1,1
2024-09-16,62.37942952744389,46.90252570038267,78.31364577974972,1,1
2024-09-17,69.14340156609111,53.77260700575753,84.37061518865879,1,1
2024-09-18,67.68539479551248,52.00937371749544,83.12964881371593,1,1
2024-09-19,65.0880801985769,50.00703647777478,80.37162621014994,1,1
2024-09-20,57.53152864088567,40.54275412496514,72.96352630633146,1,1
2024-09-21,55.70883475482158,39.795182102211655,70.69176801079243,1,1
2024-09-22,54.77325671684267,38.60365235054811,68.76349082901312,1,1
2024-09-23,63.64053683308994,48.61683603009058,78.75016321564863,1,1
2024-09-24,70.48817158222941,54.965280561421764,87.4203487941423,1,1
2024-09-25,69.10754587884593,52.96450388336189,85.3670837892164,1,1
2024-09-26,66.5802482427983,51.0662433931072,83.2017755173298,1,1
2024-09-27,59.08533879268396,44.894513276436626,74.87368299297715,1,1
2024-09-28,57.314985647782294,42.4264484751677,72.67851826082337,1,1
2024-09-29,56.421614764777324,40.939177782794204,72.13247132980132,1,1
2024-09-30,65.32023826009902,49.358709057883935,80.87479965552309,1,1
2024-10-01,72.18773009244204,56.80216661962384,88.16824314558977,1,1
2024-10-02,70.81496416114655,55.65691337793374,86.42874434234277,1,1
2024-10-03,68.2831318467466,52.890532352771324,83.396107378855,1,1
2024-10-04,60.77101128226253,46.49648845089234,76.03983335241224,1,1
2024-10-05,58.97060431801492,43.638973642010555,73.7440205983676,1,1
2024-10-06,58.03428657313178,42.815245149154244,73.91016632883455,1,1
2024-10-07,66.87713595834191,51.19450554985984,82.61461525310033,1,1
2024-10-08,73.67620883182457,57.29551168448468,87.55323147166447,1,1
2024-10-09,72.22267905108822,56.60288756003513,87.61475918936958,1,1
2024-10-10,69.59815710852067,54.264062883350896,83.9313109870757,1,1
2024-10-11,61.981961669035236,46.51525800019356,77.78907044811983,1,1
2024-10-12,60.066759440638975,46.15949272238701,75.84185503585154,1,1
2024-10-13,59.00571863128505,44.0539652379986,74.65244863570084,1,1
2024-10-14,67.7148411458177,52.07615476951879,81.55967763044815,1,1
2024-10-15,74.37224236593296,58.483719699653996,90.63763676477934,1,1
2024-10-16,72.77029339555716,59.13241822913842,88.20412290787893,1,1
2024-10-17,69.99194248494744,54.590678952272285,85.20336196531294,1,1
2024-10-18,62.217987478794896,46.86480344409727,77.07244475010484,1,1
2024-10-19,60.14271468985948,44.78707084529853,76.1674146437074,1,1
2024-10-20,58.921048935339726,43.95299739120782,74.79244729876275,1,1
2024-10-21,67.47087939375942,51.647379735485636,82.05853271526955,1,1
2024-10-22,73.97232967566707,58.881891539640165,89.01558903041997,1,1
2024-10-23,72.21988661085261,57.00085164381605,87.44810633143443,1,1
2024-10-24,69.29870417619175,54.00229228029928,84.18942008644179,1,1
2024-10-25,61.39185423181261,44.76327162991572,76.54102057978665,1,1
2024-10-26,59.19593942819422,43.515549835420025,75.08307285856326,1,1
2024-10-27,57.86821305365767,41.29030744024052,72.32508226836191,1,1
2024-10-28,66.32887083556955,50.46125228631736,80.63192390976559,1,1
2024-10-29,72.76028336555643,57.41136508018365,88.38796825609464,1,1
2024-10-30,70.9590842553297,55.30998583328908,86.3138566575024,1,1
2024-10-31,68.01243112793767,53.48538977975373,83.62325211308101,1,1
2024-11-01,60.105211940000586,44.434158323375186,75.41887463988262,1,1
2024-11-02,57.935612934157085,43.439464745357995,73.34481462864896,1,1
2024-11-03,56.66219409421885,41.32273855238103,71.8468047684691,1,1
2024-11-04,65.20613812142042,48.36798335748464,80.24493971056732,1,1
2024-11-05,71.75044288256183,56.802587864374495,86.58380556602854,1,1
2024-11-06,70.09197355850168,55.096185597181766,84.89517254701833,1,1
2024-11-07,67.31769276882211,53.11344155062179,82.12419465258525,1,1
2024-11-08,59.61184227591646,44.56914402237755,75.87509627735994,1,1
2024-11-09,57.671493585914874,41.22228893917753,73.17339515324663,1,1
2024-11-10,56.65361421845775,42.40998993564877,72.01220980642411,1,1
2024-11-11,65.47731640932273,49.76946338843312,81.2300922869335,1,1
2024-11-12,72.32305876480925,57.42875299960943,87.41336642177683,1,1
2024-11-13,70.98471745745248,54.62488894016532,85.61998033402583,1,1
2024-11-14,68.54584538366244,53.04062582292465,83.72035240565023,1,1
2024-11-15,61.18689276949936,45.402330351174825,75.89571045856592,1,1
2024-11-16,59.60080623454881,43.426957816000524,75.68973045946329,1,1
2024-11-17,58.940152461045585,44.94334909414817,74.37902433945435,1,1
2024-11-18,68.11943241855825,52.869786863486915,84.29329761136823,1,1
2024-11-19,75.31435559828677,60.453788762723384,91.3416547846135,1,1
2024-11-20,74.31398957511612,58.02052437025147,89.32499032598895,1,1
2024-11-21,72.19710185525048,57.11885143163943,87.28837680462733,1,1
2024-11-22,65.13946589829936,50.056313716298256,79.91351655619583,1,1
2024-11-23,63.82954655270552,48.75736683217823,79.21504763919306,1,1
2024-11-24,63.415709268266696,48.763350375330084,78.97221892745925,1,1
2024-11-25,72.80861716145625,57.98917833663429,86.59031107909068,1,1
2024-11-26,80.18058353895701,64.62366659139266,95.42974854562658,1,1
2024-11-27,79.31779339617756,64.73375603636677,94.92992536383846,1,1
2024-11-28,77.2967091431129,62.89601268817812,93.53079103503461,1,1
2024-11-29,70.29143088104863,54.12959160364872,86.51133261476889,1,1
2024-11-30,68.98942508339672,52.987328559089526,83.86272493487307,1,1
2024-12-01,68.53876487812633,53.60682936036278,84.53608284682682,1,1
2024-12-02,77.85054509038459,61.893913223119576,92.81311731855597,1,1
2024-12-03,85.0982390032551,68.40515948207324,100.72837822165803,1,1
2024-12-04,84.06991005189263,69.35882159959615,97.93824084414508,1,1
2024-12-05,81.8445935889957,67.36128600389031,96.77035692296057,1,1
2024-12-06,74.59961940997236,58.343109777495506,88.86557107230631,1,1
2024-12-07,73.02628944725751,58.034521975137714,87.88123627440844,1,1
2024-12-08,72.2770547369562,57.326915000098175,88.56573998178196,1,1
2024-12-09,81.26785600163954,65.85889537040025,95.46546851332948,1,1
2024-12-10,88.17739625818425,72.39345622671091,102.80295356379874,1,1
2024-12-11,86.79926029717583,71.87363843210777,100.93009705679738,1,1
2024-12-12,84.21819811652877,68.46128667145048,98.53957379230624,1,1
2024-12-13,76.61734492542652,60.99706259247159,91.37541669381278,1,1
2024-12-14,74.69379428107723,61.075273578712235,91.15400667616827,1,1
2024-12-15,73.60567061830257,59.5331292890985,88.0025651714141,1,1
2024-12-16,82.27436768113607,66.20316565012013,98.13972310501309,1,1
2024-12-17,88.88372338415626,75.01331819621743,104.11886588644822,1,1
2024-12-18,87.23204796840665,72.5080019614512,101.76049146247306,1,1
2024-12-19,84.40832440925907,68.52178978611335,100.15640841621672,1,1
2024-12-20,76.59935537696447,61.88421994199001,91.1587739347328,1,1
2024-12-21,74.50527476888533,58.94955955900252,90.52018064763531,1,1
2024-12-22,73.28657127405936,57.780794764973166,88.85115532002904,1,1
2024-12-23,81.86629137983522,66.47016408757342,97.73398823699804,1,1
2024-12-24,88.42919295887856,72.9712740508589,103.00840002656074,1,1
2024-12-25,86.77376658105756,71.91834525636251,101.51160176953151,1,1
2024-12-26,83.98844346931641,69.34465402759284,98.90563999820496,1,1
2024-12-27,76.25876404408183,60.598182240445105,92.0559536932402,1,1
2024-12-28,74.28292441267115,59.34873515243474,88.4577106123371,1,1
2024-12-29,73.21884731039239,57.497221410841284,88.60754161103097,1,1
2024-12-30,81.98644370137278,67.16058729859516,96.90311712864904,1,1
2024-12-31,88.76683473000999,73.76866884508412,104.09399399761466,1,1
2025-01-01,87.35444954365664,71.97077802149641,101.7274577579467,1,1
2025-01-02,84.8333161260079,70.38603043625038,99.73368922619684,1,1
2025-01-03,77.38431720517248,62.62026128743867,92.22139641265373,1,1
2025-01-04,75.70082665384699,59.20093334526703,91.41372128595577,1,1
2025-01-05,74.93587094033083,59.30974860028594,89.4689856907332,1,1
2025-01-06,84.00447992752535,68.98432340273241,99.89304410719916,1,1
2025-01-07,91.08299488161812,75.60411162605358,107.52697971492813,1,1
2025-01-08,89.96124750646749,74.69058018482284,105.50061411989826,1,1
2025-01-09,87.7189256014896,71.52102916662301,102.55546808059194,1,1
2025-01-10,80.53289605383179,64.67091120186959,95.4870812743767,1,1
2025-01-11,79.0928994672577,63.72574328743331,95.24579454287426,1,1
2025-01-12,78.54876009353406,62.30625851475078,94.58743359838414,1,1
2025-01-13,87.81277474400072,72.71421106623313,104.05257169693363,1,1
2025-01-14,95.05904818081473,79.98172362008883,110.62079947909729,1,1
2025-01-15,94.07568870792875,78.42440322657228,109.05906807483223,1,1
2025-01-16,91.94117971935513,77.24372772207042,107.9223739649456,1,1
2025-01-17,84.83169832615576,69.17638461808504,100.23351118479545,1,1
2025-01-18,83.43679598407853,68.05520863599276,99.70799336384736,1,1
2025-01-19,82.90658562725731,69.03518584811778,98.8736513727625,1,1
2025-01-20,92.15409998000524,77.24982869115104,107.13850159835846,1,1
2025-01-21,99.35458968483707,85.01953884404712,114.86604343330517,1,1
2025-01-22,98.29767620397297,82.7361719226015,113.71139499234131,1,1
2025-01-23,96.06367655598791,79.93469859863134,110.8962147430724,1,1
2025-01-24,88.83087233736995,73.46948942250785,104.52284728908991,1,1
2025-01-25,87.29113927023619,71.30931327418251,103.6939662374259,1,1
2025-01-26,86.59708305465736,71.91283669352175,102.73894788633534,1,1
2025-01-27,95.66434739706649,81.69919673721947,111.75659130086248,1,1
2025-01-28,102.67086391561335,86.83281107516481,117.88394690221578,1,1
2025-01-29,101.40895988105598,87.2976330143279,118.31918298215962,1,1
2025-01-30,98.96164160851922,83.57199868161004,115.1189368990339,1,1
2025-01-31,91.50982660620701,75.038315147979,106.97300065518486,1,1
2025-02-01,89.74794117408818,75.4425924685353,104.77590241148583,1,1
2025-02-02,88.83102950642429,73.10883806012747,105.41396441729971,1,1
2025-02-03,97.67704026162654,82.14025447164163,113.07244998109587,1,1
2025-02-04,104.466060250752,88.18785896688647,119.99544110058834,1,1
2025-02-05,102.99241092425791,86.92035237907423,117.78470684479784,1,1
2025-02-06,100.34092514591377,84.98688522300948,116.11450222619553,1,1
2025-02-07,92.69417684462698,76.30075032339307,108.85492921722746,1,1
2025-02-08,90.74807965140187,76.00136316929918,106.93613994178361,1,1
2025-02-09,89.65899991733814,74.06046444417088,104.84085645549017,1,1
2025-02-10,98.34604937428884,82.09642071234902,113.22121791798429,1,1
2025-02-11,104.99032637402236,89.8352190478071,119.63743279364742,1,1
2025-02-12,103.3870206824248,88.88536657300124,119.17521917808196,1,1
2025-02-13,100.62169865455073,85.64681320316669,115.44608269068324,1,1
2025-02-14,92.87754077982767,78.3417464869041,108.35282799144248,1,1
2025-02-15,90.85094718477518,75.89731100757282,107.58674919594671,1,1
2025-02-16,89.69865608864079,73.60904555638753,105.00500979168552,1,1
2025-02-17,98.34004013941868,82.99123270285905,114.67573885354815,1,1
2025-02-18,104.9563494179985,89.48225835067579,119.68949347031084,1,1
2025-02-19,103.342816018858,87.3179639676166,117.42259622207246,1,1
2025-02-20,100.58493710795871,86.44661577441526,117.11576448590216,1,1
2025-02-21,92.8657086411855,76.53363673976155,109.42840619036053,1,1
2025-02-22,90.88122563694621,76.19968282072628,106.64101169312117,1,1
2025-02-23,89.78779438331829,74.40398289978364,106.05170655887792,1,1
2025-02-24,98.5042220182547,84.11747851208571,114.93666488120051,1,1
2025-02-25,105.21105277832811,90.01078897340803,120.48286473143125,1,1
2025-02-26,103.70266641576856,88.8346516596743,118.55555924229547,1,1
2025-02-27,101.06355627030425,86.03358020916905,116.97461824629828,1,1
2025-02-28,93.47555975715203,78.61450472286946,109.17537586664271,1,1
2025-03-01,91.6334577078763,76.21094386965986,108.20461959787932,1,1
2025-03-02,90.69208842915397,75.53421092516932,104.76133370880453,1,1
2025-03-03,99.56864232508342,83.62746954357547,114.12451604022392,1,1
2025-03-04,106.44190668790489,91.46784418747309,122.34223928574508,1,1
2025-03-05,105.10437635410773,89.80937254417886,119.81665472968592,1,1
2025-03-06,102.63854778939901,86.99512912228913,117.74261075971779,1,1
2025-03-07,95.22416930183573,80.20052512972707,111.00776686769358,1,1
2025-03-08,93.5538636434754,78.84968523345113,109.51065687853281,1,1
2025-03-09,92.78026853576341,77.4959513110181,107.81042317042684,1,1
2025-03-10,101.81836052717067,85.54411289229071,117.33818417261563,1,1
2025-03-11,108.84473123073491,93.36571959382887,124.05941768009662,1,1
2025-03-12,107.64973098447271,90.61288006183239,123.31893064411709,1,1
2025-03-13,105.31379676235711,89.54564860678853,120.59589947056324,1,1
2025-03-14,98.01473624820534,82.31260884920255,114.15054288153247,1,1
2025-03-15,96.44338349407734,81.00426544923371,111.62598023309745,1,1
2025-03-16,95.75077087212898,79.84851400448818,110.89931060446476,1,1
2025-03-17,104.85048190204998,89.95600005181639,119.18501527262761,1,1
2025-03-18,111.91795322415186,96.3734664252156,127.01571368966533,1,1
2025-03-19,110.7426400492252,94.8293361746984,126.57920216293402,1,1
2025-03-20,108.40436129188626,93.45118337588741,124.30890983338135,1,1
2025-03-21,101.08059578872013,85.50181893786193,115.69729905327132,1,1
2025-03-22,99.46214464123729,83.91285874442589,116.20760554206511,1,1
2025-03-23,98.70030415121043,83.62778117920098,114.52631284474843,1,1
2025-03-24,107.70921384233164,92.8112483659913,122.09422423259302,1,1
2025-03-25,114.6651479035736,98.55727816871156,129.45616032758014,1,1
2025-03-26,113.3586646096037,97.83261015437293,127.54737793401011,1,1
2025-03-27,110.87093029639432,94.98494542061484,126.37182069799957,1,1
2025-03-28,103.38098980904776,87.76796615715283,119.20802580830998,1,1
2025-03-29,101.58139910267255,85.9167819204413,116.06229589575604,1,1
2025-03-30,100.62536521454848,85.07268067607576,115.85184150815833,1,1
2025-03-31,109.42905893861058,94.24320838465385,125.48736998276601,1,1
2025-04-01,116.17086943841583,99.63809625245429,131.60213562649875,1,1
2025-04-02,114.6435162875897,98.65234163583632,130.4697782931855,1,1
2025-04-03,111.93033646176904,96.31845807906923,128.1805007570693,1,1
2025-04-04,104.21251912006548,88.60126153026961,119.97214919251837,1,1
2025-04-05,102.18470473181465,87.6666972857973,118.22509687164116,1,1
2025-04-06,101.00209456556891,86.2752098504654,116.5102242167878,1,1
2025-04-07,109.58273657093636,94.2294435418619,124.29301267787076,1,1
2025-04-08,116.10675746760818,101.45832571663729,131.37350315335274,1,1
2025-04-09,114.36845697095384,98.83694789923211,130.1140180683577,1,1
2025-04-10,111.45258196578214,95.7589076901209,125.88873643985674,1,1
2025-04-11,103.5415535937945,89.20217185466291,119.31421765335638,1,1
2025-04-12,101.33106377423086,86.63921002596807,116.56969268587704,1,1
2025-04-13,99.97718697337325,84.07571991936065,115.65721177826316,1,1
2025-04-14,108.39867290332697,92.76709315056493,123.48831839988893,1,1
2025-04-15,114.77618946177819,99.75392979943169,130.67240026269212,1,1
2025-04-16,112.90443121928897,98.30176146236545,128.00534865727246,1,1
2025-04-17,109.86841053422998,94.88982742795758,126.29781328871034,1,1
2025-04-18,101.85070344887247,87.31779877600711,116.85472576840465,1,1
2025-04-19,99.54706601879283,84.4771094292866,114.05414138193449,1,1
2025-04-20,98.11356600349875,83.95423541047383,113.79331805923482,1,1
2025-04-21,106.46889470817442,90.53618254214396,122.90346246848195,1,1
2025-04-22,112.79362744568634,96.79169412419591,128.0064040459934,1,1
2025-04-23,110.8823471411419,96.24366344814683,125.26614661304612,1,1
2025-04-24,107.81994747238572,92.37457050039734,122.498098875781,1,1
2025-04-25,99.78888713370657,84.55110959661529,114.81356194297426,1,1
2025-04-26,97.48481044905438,81.75566346099438,113.46411420818632,1,1
2025-04-27,96.06367899705438,80.31324674467392,112.0991281008251,1,1
2025-04-28,104.44407894336375,88.59530103051718,120.14317856377733,1,1
2025-04-29,110.80647263333378,95.50397520908587,126.02418701828721,1,1
2025-04-30,108.94530923229217,93.24893068991831,124.64130858830531,1,1
2025-05-01,105.94531124545512,90.8136288713681,120.61351096874235,1,1
2025-05-02,97.98870910928949,81.57826505735662,115.07371479056546,1,1
2025-05-03,95.77083983348537,80.1551928811164,110.76211874448276,1,1
2025-05-04,94.44725523515991,78.88581893605006,109.25515916520627,1,1
2025-05-05,102.93600544189775,88.3409430637294,117.51985164094233,1,1
2025-05-06,109.41686726759993,94.53705749995962,125.9946538492133,1,1
2025-05-07,107.68343333772454,92.80964391820034,123.80649376286475,1,1
2025-05-08,104.81937988661404,90.00387068612972,119.89735100423077,1,1
2025-05-09,97.0056864752471,81.83002818047193,112.85168174513494,1,1
2025-05-10,94.93622459446115,79.53037579167085,110.5753834778245,1,1
2025-05-11,93.76486157368748,78.38784506916747,108.74541641684338,1,1
2025-05-12,102.40774621213461,87.55532214061733,117.94443791439308,1,1
2025-05-13,109.04254630623673,93.78481349775939,124.07388790835371,1,1
2025-05-14,107.4605543251962,91.9669348603887,122.446706006146,1,1
2025-05-15,104.74297931739633,89.2158382488244,119.63890063322192,1,1
2025-05-16,97.06819822627922,80.44114306906542,113.08840183848903,1,1
2025-05-17,95.12738327312145,79.4830583441119,110.4898658793422,1,1
2025-05-18,94.07165128073514,78.67808082140758,108.43351791765687,1,1
2025-05-19,102.814400576055,88.04734703531442,117.4958591375127,1,1
2025-05-20,109.53060464747307,93.51910991498175,125.5404610793011,1,1
2025-05-21,108.00897761049615,93.5273911888905,122.37032987271245,1,1
2025-05-22,105.32832819522272,90.08699161619882,120.56919616643602,1,1
2025-05-23,97.66487392261647,82.72339205914004,113.0080958656172,1,1
2025-05-24,95.70793051424315,80.99178090626702,110.77100112627254,1,1
2025-05-25,94.60712073485999,78.97267700156169,110.82298023833096,1,1
2025-05-26,103.27476661534958,87.01662538021131,117.8156667616654,1,1
2025-05-27,109.8852325709233,95.12077661686934,124.67864889517027,1,1
2025-05-28,108.22713288540763,92.6239574479615,123.61856969736826,1,1
2025-05-29,105.37971881490019,89.37023782812187,119.74915956060326,1,1
2025-05-30,97.52021568649157,80.97970334680812,113.17867344489439,1,1
2025-05-31,95.33952395305937,79.7600417998375,110.64953282177763,1,1
2025-06-01,93.98942756598034,77.94831846058892,110.67984363566751,1,1
2025-06-02,102.38497304971102,86.61996934518167,117.32529360980287,1,1
2025-06-03,108.70378653072777,93.07728079218018,123.15753054528774,1,1
2025-06-04,106.73824224357125,91.32862182013774,122.2314952218116,1,1
2025-06-05,103.57179814454845,86.8281654870678,118.13044654716136,1,1
2025-06-06,95.38626970924643,81.39192671076799,111.43542885137104,1,1
2025-06-07,92.87745689126002,76.99261899067933,108.62654348615315,1,1
2025-06-08,91.2022689183902,74.70704761408446,106.64852024121394,1,1
2025-06-09,99.28101189701387,83.77591336037429,114.93851688843162,1,1
2025-06-10,105.29660830330093,90.33437513395576,121.03568142606768,1,1
2025-06-11,103.0466639095009,87.17301092851363,118.57949554873454,1,1
2025-06-12,99.61969995366543,84.86545969291302,115.72814975802034,1,1
2025-06-13,91.20232390944909,76.99769070966154,107.11223253187342,1,1
2025-06-14,88.49475616021746,72.50596884188012,104.99067525664606,1,1
2025-06-15,86.65785957141244,72.46676480346603,102.37613211713904,1,1
2025-06-16,94.61533918191182,79.98335165539095,110.22277435700597,1,1
2025-06-17,100.55288321926,84.89539287980044,116.67826678868192,1,1
2025-06-18,98.27016293382839,82.66034122732296,113.23060429611475,1,1
2025-06-19,94.85701077893341,79.76043844924305,110.83251248008439,1,1
2025-06-20,86.50055173518838,70.78607446426032,101.44970135938725,1,1
2025-06-21,83.90070621147082,67.76519976152551,98.69281301798922,1,1
2025-06-22,82.21721229811165,67.29320558058758,97.05713915635407,1,1
2025-06-23,90.37183500335357,75.49601641566328,105.21332116688069,1,1
2025-06-24,96.5475337049753,81.32409732424117,112.65549924923594,1,1
2025-06-25,94.54050494838106,79.5197578207628,110.43167145003561,1,1
2025-06-26,91.43641936957745,76.05654807809714,106.29047125872313,1,1
2025-06-27,83.41762642173433,68.24569626648977,100.238915383446,1,1
2025-06-28,81.1787438718045,65.07052377194852,96.82211965332458,1,1
2025-06-29,79.87377806043611,64.33056111629344,96.02415451503305,1,1
2025-06-30,88.41844050188733,72.79882649013445,103.08299155471458,1,1
2025-07-01,94.9894297731472,79.61761755561218,110.07277388182574,1,1
2025-07-02,93.37659336896115,77.86599190211311,109.32986767260313,1,1
2025-07-03,90.65928573015849,75.61287872032509,104.76577442013037,1,1
2025-07-04,83.0136935002402,68.92460254251148,98.01560720550577,1,1
2025-07-05,81.12854235959185,65.48364699719264,97.22750157475492,1,1
2025-07-06,80.15232888521902,65.27024585162272,97.21115181461768,1,1
2025-07-07,88.995740598247,73.62469367003408,104.23132804907584,1,1
2025-07-08,95.83103092309973,79.40930651110502,111.05693413705855,1,1
2025-07-09,94.444261750805,78.90023676100373,109.45988104836898,1,1
2025-07-10,91.91172811906645,77.13842086289924,106.53685803512576,1,1
2025-07-11,84.40733469629724,68.2775690039028,98.7469202832593,1,1
2025-07-12,82.61833741138302,68.07387101066656,99.26972011669419,1,1
2025-07-13,81.692593051007,66.3344927170593,97.11459522073753,1,1
2025-07-14,90.5409797558518,74.54887277315183,106.22326044790597,1,1
2025-07-15,97.33675530525228,80.99069872221241,113.71965392203042,1,1
2025-07-16,95.86776644173264,81.11608233453921,111.26341269406947,1,1
2025-07-17,93.21282467909776,78.24974805867517,106.88043435701695,1,1
2025-07-18,85.5490195633352,69.92734181284223,101.6684541590209,1,1
2025-07-19,83.56738432479631,68.34130949393393,99.34432062332621,1,1
2025-07-20,82.42005861299097,68.39042248499885,98.07151787172485,1,1
2025-07-21,91.02261334187642,75.68770610358537,106.65829239135489,1,1
2025-07-22,97.55330680366006,81.10610275590444,113.03754541004227,1,1
2025-07-23,95.80518768690762,80.36280607269434,111.73776950896966,1,1
2025-07-24,92.86236288405848,77.46257097127892,108.25284440536656,1,1
2025-07-25,84.90720349664706,69.5164690217756,100.11158246449386,1,1
2025-07-26,82.63590635280976,67.9698256117884,98.5225614219697,1,1
2025-07-27,81.20555798773029,65.38424061380115,96.49366989023352,1,1
2025-07-28,89.53636820189138,74.04974584127343,103.20021263524517,1,1
2025-07-29,95.81084422399152,80.4965732684428,111.16512417544541,1,1
2025-07-30,93.82582272184065,78.6341874299487,109.32545509915525,1,1
2025-07-31,90.66867886096183,76.18305438569124,105.37277095506197,1,1
2025-08-01,82.52448680992705,67.52494532002643,98.60896424566928,1,1
2025-08-02,80.09154966203432,64.6591709162639,95.9329829011731,1,1
2025-08-03,78.52844602880583,63.86818314372367,93.48408143590055,1,1
2025-08-04,86.75626037908263,72.68114560257072,103.10505993842743,1,1
2025-08-05,92.95776777000553,77.15404307717185,108.25612303884758,1,1
2025-08-06,90.92948951208294,74.35901949022534,106.80068593461641,1,1
2025-08-07,87.75793797024362,72.7757283925789,103.8717555936572,1,1
2025-08-08,79.62682363933081,65.61704534139857,96.13749328995432,1,1
2025-08-09,77.23264097677266,61.10127229242557,91.61671984929984,1,1
2025-08-10,75.7317785802679,60.62970214876069,90.84381804058509,1,1
2025-08-11,84.04281897974938,68.09153192497858,98.79295309586317,1,1
2025-08-12,90.34579680191185,74.52870640398393,105.38789605513871,1,1
2025-08-13,88.43432992395485,74.43433258903102,105.44969528008922,1,1
2025-08-14,85.39193990920516,69.55021817770333,101.41682289634053,1,1
2025-08-15,77.39933301616716,61.99221296098688,92.52968783395004,1,1
2025-08-16,75.15005652487142,58.93187451964095,90.67353029740302,1,1
2025-08-17,73.797674380216,58.062616837261345,89.04640951599737,1,1
2025-08-18,82.25812601872971,66.85563214874144,98.29610950698651,1,1
2025-08-19,88.70903595033624,73.61444001494117,104.78716245956556,1,1
2025-08-20,86.9418877660139,71.67375095998447,103.1828583827917,1,1
2025-08-21,84.0383781731544,67.86652719933501,99.20004126576869,1,1
2025-08-22,76.17772192675056,61.23118992019839,91.02385759377644,1,1
2025-08-23,74.05232224275133,58.147821900039176,89.00855382266204,1,1
2025-08-24,72.81495079845823,57.47857078492392,88.8282627295557,1,1
2025-08-25,81.38110154086243,65.49488671319003,97.03051619495349,1,1
2025-08-26,87.92828645889367,73.13179678756703,103.20396416024141,1,1
2025-08-27,86.24818778209547,70.6240006391522,101.69972717431136,1,1
2025-08-28,83.42298317405846,67.97862634405462,98.74849093720051,1,1
2025-08-29,75.6326159000827,61.1926326592867,91.71017338574228,1,1
2025-08-30,73.57042577316878,56.80666112959278,88.74335959150933,1,1
2025-08-31,72.39028627075729,56.480532808870606,87.66669146677175,1,1
2025-09-01,81.0089133616378,65.83355890398332,97.58673369444328,1,1
2025-09-02,87.6051155110216,72.17007230831337,104.0387375729563,1,1
2025-09-03,85.97190059513295,71.51621884398836,101.07505155021683,1,1
2025-09-04,83.19275748672061,68.27120449476544,99.16190463442977,1,1
2025-09-05,75.44888537618279,60.27796576455283,90.97494597571894,1,1
2025-09-06,73.43478758730048,58.38139314805782,88.8900353625633,1,1
2025-09-07,72.30537607934414,56.714898657762966,88.65070810066113,1,1
2025-09-08,80.97825280773077,65.63224007599159,95.99679973374921,1,1
2025-09-09,87.63293786376508,72.01087027009555,103.36813819984138,1,1
2025-09-10,86.06296039559449,71.37622480899547,101.91440749971932,1,1
2025-09-11,83.352130160102,68.37166199673119,98.89021778259296,1,1
2025-09-12,75.68176268605538,59.84894474080222,91.0508495974715,1,1
2025-09-13,73.74627455876771,59.266473957108985,89.94582178620921,1,1
2025-09-14,72.70029462535831,57.492076009580636,88.05721248478041,1,1
2025-09-15,81.46095677228881,66.64362141349876,97.02294611910428,1,1
2025-09-16,88.20714357528576,73.42353572263573,103.84482562976092,1,1
2025-09-17,86.73159612356139,70.37508924274613,101.38618517265196,1,1
2025-09-18,84.11720712078937,68.55149849805152,99.19268330471206,1,1
2025-09-19,76.54426946988815,61.481475968556275,92.57872446001313,1,1
2025-09-20,74.7060960842286,59.06412025794401,90.05389254622739,1,1
2025-09-21,73.75615598441101,59.156903367670495,88.02095545292715,1,1
2025-09-22,82.61039164472113,66.4592616740454,97.44003042989624,1,1
2025-09-23,89.44648627287484,72.68735388514024,104.50644711665937,1,1
2025-09-24,88.05599579812817,73.54698683347075,102.97281381456408,1,1
2025-09-25,85.52066224334581,70.00147686759462,101.04260145659934,1,1
2025-09-26,78.01968037185505,62.410037622213316,93.39054013566104,1,1
2025-09-27,76.24533314862776,60.33115631253545,90.97187451531421,1,1
2025-09-28,75.3501409849179,60.19227418879778,90.32402501317725,1,1
2025-09-29,84.24918974915091,68.58684130738038,98.69490012884411,1,1
2025-09-30,91.11940634572338,75.45055677020245,106.47150110710865,1,1
2025-10-01,89.75169684201568,74.20933703339783,106.58420498409656,1,1
2025-10-02,87.2272640960902,70.91763985681142,102.49481508427773,1,1
2025-10-03,79.7248771069938,62.89420492077444,95.0739024490606,1,1
2025-10-04,77.93650799138076,63.02027720137811,94.12909909611079,1,1
2025-10-05,77.01448193474198,62.56964579822911,91.88774410104611,1,1
2025-10-06,85.87380547096082,69.99159415505909,100.02679812291042,1,1
2025-10-07,92.69144223660017,77.64196166807618,108.92826474001411,1,1
2025-10-08,91.2584514775911,76.27326634426723,106.69663193538516,1,1
2025-10-09,88.65630649888772,73.04878337089595,103.60597984369171,1,1
2025-10-10,81.06416543733977,65.40888192714489,97.32451823202567,1,1
2025-10-11,79.17451033738317,64.45730960028729,93.93519620841194,1,1
2025-10-12,78.1402998577044,62.35470998034327,93.30902424895278,1,1
2025-10-13,86.87730084958787,72.32656148050592,101.19792872930888,1,1
2025-10-14,93.56336774429943,77.59410907836511,108.61316682526223,1,1
2025-10-15,91.99058473236768,76.99291658713227,105.83575031938571,1,1
2025-10-16,89.24158755009412,74.23416067653689,105.29253964972868,1,1
2025-10-17,81.49683681577442,64.52217472010823,96.8763814846933,1,1
2025-10-18,79.45025840817237,63.68762098032236,94.68739825585995,1,1
2025-10-19,78.2563957018364,62.593841214322076,92.78322915249424,1,1
2025-10-20,86.83273837835065,71.45431081669457,103.00898788351161,1,1
2025-10-21,93.35899624803629,78.48907775606176,108.11219992645796,1,1
2025-10-22,91.62923260108391,77.47349959717515,107.3855284977309,1,1
2025-10-23,88.72817350397064,73.70064095429888,104.44532003240776,1,1
2025-10-24,80.83846467036246,65.8327845573738,97.27945493654164,1,1
2025-10-25,78.65629119146388,64.59958639208965,94.4133332656944,1,1
2025-10-26,77.33850485701191,61.951799661640585,92.78310585210097,1,1
2025-10-27,85.80492383990986,70.31449933494368,102.0664072623634,1,1
2025-10-28,92.23757338070982,76.37222137883253,107.12687123691207,1,1
2025-10-29,90.4327823454986,74.68672797178674,105.83569009058589,1,1
2025-10-30,87.47745258088618,70.27100167999197,102.80902641916165,1,1
2025-10-31,79.55627335199847,64.50516087401215,94.14731740472662,1,1
2025-11-01,77.36729694399341,61.86441513696816,93.67746849427981,1,1
2025-11-02,76.06902107735658,60.27683834260266,91.13991401157415,1,1
2025-11-03,84.58264393409956,69.38096059086095,100.15984564676707,1,1
2025-11-04,91.09126153459795,75.59481010183183,105.75426814567325,1,1
2025-11-05,89.39192349616452,75.33802302761532,105.30320703946558,1,1
2025-11-06,86.57186527499071,71.60209529242296,102.18129329824569,1,1
2025-11-07,78.81569034619432,63.08719035863983,94.90780224724193,1,1
2025-11-08,76.8209195253196,62.66610273441148,92.26042164044348,1,1
2025-11-09,75.74505412608832,59.96521226980836,91.45707399692884,1,1
2025-11-10,84.50781968314368,69.52870254197754,100.14102695337351,1,1
2025-11-11,91.2903607668741,75.38392945989642,106.00301035003939,1,1
2025-11-12,89.88730353564321,74.95936682019345,103.57662362738769,1,1
2025-11-13,87.38300454296055,72.3801892349025,102.68584487629337,1,1
2025-11-14,79.95875945089817,65.05817471249814,95.77335810950274,1,1
2025-11-15,78.30838881578438,63.21506587606604,93.35756512240182,1,1
2025-11-16,77.58534735891936,63.126374521990115,93.6904202437353,1,1
2025-11-17,86.70502292333815,71.7293935365858,102.41348505643931,1,1
2025-11-18,93.84399487150554,78.82712008181888,109.7860004206402,1,1
2025-11-19,92.79216756454609,76.32235212181183,107.69983053868691,1,1
2025-11-20,90.6290962189349,75.69311461260136,105.99456039182567,1,1
2025-11-21,83.53127737756827,67.70583522883757,98.54271642677487,1,1
2025-11-22,82.18781958188782,66.45783145837748,98.1447151244297,1,1
2025-11-23,81.74763894849693,66.950980557071,96.6232881707685,1,1
2025-11-24,91.1218440496742,74.03881038489176,106.43442805379895,1,1
2025-11-25,98.48307800130466,82.18474594077811,113.26634556452619,1,1
2025-11-26,97.61773154053547,82.53765983330501,113.55262608138125,1,1
2025-11-27,95.60234257177882,81.38661489145929,111.33474136065234,1,1
2025-11-28,88.61095268345068,72.26138573947716,103.83499319797222,1,1
2025-11-29,87.33083461812423,72.90659905864128,103.26140215955627,1,1
2025-11-30,86.90973396541365,70.28477314569776,102.92048879262562,1,1
2025-12-01,96.25828825256869,80.94072972459276,111.66883999779576,1,1
2025-12-02,103.54939035393696,87.4901446123611,118.75018323416198,1,1
2025-12-03,102.57040929101346,86.90733880991438,118.25451834325175,1,1
2025-12-04,100.399583483397,84.34049077551543,116.94067277326772,1,1
2025-12-05,93.2133568421106,76.65555894569762,108.67016324629085,1,1
2025-12-06,91.70207189239922,76.05946041278645,106.62128798259624,1,1
2025-12-07,91.01716371405236,74.81815438306833,105.04508759310403,1,1
2025-12-08,100.07351869824265,85.43090319578579,115.01590628695013,1,1
2025-12-09,107.0487661574554,91.36607282487275,121.16641141356814,1,1
2025-12-10,105.73541724141201,89.13990640109043,121.06288289677404,1,1
2025-12-11,103.21716783725188,88.13366187870237,119.17271627059377,1,1
2025-12-12,95.67613766463073,80.41113296545483,111.79529088597829,1,1
2025-12-13,93.80846172953346,78.28172746585709,109.73094335909333,1,1
2025-12-14,92.77138001671923,77.12672132112763,107.2068504873256,1,1
2025-12-15,101.48549157523514,86.18528244879737,116.7327106429508,1,1
2025-12-16,108.13394320459567,92.32318008031925,123.08948553923982,1,1
2025-12-17,106.51446932894711,91.16152336981409,122.17202702346039,1,1
2025-12-18,103.71560178587323,86.89814668262218,119.15069632731259,1,1
2025-12-19,95.92382365529339,80.33554379134333,110.71728502830489,1,1
2025-12-20,93.83908502811795,78.34415837798188,109.98563012014162,1,1
2025-12-21,92.62182811222026,77.11629953472406,108.47118421964417,1,1
2025-12-22,101.19518909465317,85.99054751130285,115.78946425951297,1,1
2025-12-23,107.74414795017718,93.07939561966165,123.64643520335912,1,1
2025-12-24,106.06754346458416,90.37149855608182,120.86235759979114,1,1
2025-12-25,103.2542725624414,89.52840262173316,118.5808256739538,1,1
2025-12-26,95.49044810731206,80.83212477594499,110.89224903515266,1,1
2025-12-27,93.47493279569392,77.88844878605266,108.50502361277874,1,1
2025-12-28,92.36639595458915,75.7400522437092,107.41785304232486,1,1
2025-12-29,101.0855597807322,85.55261169023294,115.07461154313576,1,1
2025-12-30,107.81440506419993,92.80391871036866,123.33856673920874,1,1
